<?xml version="1.0" encoding="UTF-8"?>
<!DOCTYPE fontscolors PUBLIC "-//NetBeans//DTD Editor Fonts and Colors settings 1.1//EN" "http://www.netbeans.org/dtds/EditorFontsColors-1_1.dtd">
<fontscolors>
    <fontcolor default="default" name="others"/>
    <fontcolor name="mod-method">
        <font style="bold"/>
    </fontcolor>
    <fontcolor default="number" name="hash"/>
    <fontcolor default="keyword" name="keyword"/>
    <fontcolor default="default" name="whitespace"/>
    <fontcolor default="string" name="rgb"/>
    <fontcolor default="number" name="number"/>
    <fontcolor default="error" name="unknown"/>
    <fontcolor default="comment" name="whitespace_comment"/>
    <fontcolor default="operator" name="operator"/>
    <fontcolor default="string" name="url"/>
    <fontcolor default="default" name="default"/>
    <fontcolor bgColor="ff38566f" name="mark-occurrences"/>
    <fontcolor default="separator" name="brace"/>
    <fontcolor default="string" name="string"/>
    <fontcolor default="keyword" name="mod-custom1"/>
    <fontcolor default="keyword" foreColor="ff8aa6c1" name="mod-custom2">
        <font style="italic"/>
    </fontcolor>
    <fontcolor default="comment" name="comment"/>
    <fontcolor default="identifier" name="identifier"/>
    <fontcolor default="separator" name="separator"/>
</fontscolors>
